Workbook

Sheet CONTROL
M2: NO BORRAR
J3: No VENCIDAS | M3: SI
B4: Pólizas vencidas | C4: =COUNTIF(CONCENTRADO!$D$3:$D$127,"SI") -> 94 | J4: PENDIENTE | K4: =COUNTBLANK(CONCENTRADO!P3:P96) -> 94 | M4: NO
B5: Pólizas Vigentes | C5: =COUNTIF(CONCENTRADO!$D$3:$D$136,"NO") -> 0 | J5: Renovadas | K5: =COUNTIF(CONCENTRADO!$P$3:$P$96,CONTROL!M3) -> 0
B6: TOTAL | C6: =SUM(C4:C5) -> 94 | J6: No Renovadas | K6: =COUNTIF(CONCENTRADO!$P$3:$P$96,CONTROL!M4) -> 0
B9: .
B11: Pólizas que faltan | D11: TOTAL | E11: RENOVADA | F11: % RENOVACION | G11: PENDIENTE | H11: NO RENOVADA | J11: PORCENTAJE RENOVADAS | K11: =K5/C6 -> 0
B12: =COUNTIF(CONCENTRADO!N3:N96,CONTROL!C12) -> 0 | C12: Hazel Castro | D12: =COUNTIF(CONCENTRADO!O:O,CONTROL!C12) -> 0 | E12: =COUNTIFS(CONCENTRADO!Q:Q,CONTROL!E11,CONCENTRADO!O:O,CONTROL!C12) -> 0 | F12: =E12/D12 -> #DIV/0! | G12: =COUNTIFS(CONCENTRADO!Q:Q,CONTROL!G11,CONCENTRADO!O:O,CONTROL!C12) -> 0 | H12: =COUNTIFS(CONCENTRADO!Q:Q,CONTROL!H11,CONCENTRADO!O:O,CONTROL!C12) -> 0 | J12: PORCENTAJE PENDIENTES | K12: =K4/C6 -> 1
B13: =COUNTIF(CONCENTRADO!N3:N96,CONTROL!C13) -> 0 | C13: Yun Huerta | D13: =COUNTIF(CONCENTRADO!O:O,CONTROL!C13) -> 0 | E13: =COUNTIFS(CONCENTRADO!Q:Q,CONTROL!E11,CONCENTRADO!O:O,CONTROL!C13) -> 0 | F13: =E13/D13 -> #DIV/0! | G13: =COUNTIFS(CONCENTRADO!Q:Q,CONTROL!G11,CONCENTRADO!O:O,CONTROL!C13) -> 0 | H13: =COUNTIFS(CONCENTRADO!Q:Q,CONTROL!H11,CONCENTRADO!O:O,CONTROL!C13) -> 0 | J13: PORCENTAJE NO RENOVADAS | K13: =K6/C6 -> 0
B14: =COUNTIF(CONCENTRADO!N5:N96,CONTROL!C14) -> 0 | C14: Claudia Rios | D14: =COUNTIF(CONCENTRADO!O:O,CONTROL!C14) -> 0 | E14: =COUNTIFS(CONCENTRADO!Q:Q,CONTROL!E11,CONCENTRADO!O:O,CONTROL!C14) -> 0 | F14: =E14/D14 -> #DIV/0! | G14: =COUNTIFS(CONCENTRADO!Q:Q,CONTROL!G11,CONCENTRADO!O:O,CONTROL!C14) -> 0 | H14: =COUNTIFS(CONCENTRADO!Q:Q,CONTROL!H11,CONCENTRADO!O:O,CONTROL!C14) -> 0
B15: =SUM(B12:B14) -> 0 | C15: TOTAL | D15: =SUM(D12:D14) -> 0 | E15: =SUM(E12:E14) -> 0 | F15: =E15/D15 -> #DIV/0! | G15: =SUM(G12:G14) -> 0 | H15: =SUM(H12:H14) -> 0

Sheet CONCENTRADO
B1: FECHA VTO | C1: HOY | D1: VENCIDA | E1: POLIZA | F1: COD ASEG | G1: NOMBRE DEL ASEG. | H1: COD. AGTE. | I1: NOMBRE DEL AGTE. | J1: MON. | K1: PRIMA TOTAL | L1: STROS | M1: RENOVACION | N1: EJECUTIVO | O1: EJECUTIVO | P1: RENOVADA | Q1: ESTATUS | R1: COMENTARIOS
C2: =TODAY() -> 46100 | D2: =IF(B2<=C2,"SI","NO") -> SI | N2: =IF(P2="SI","",O2) -> 0 | Q2: {=_xlfn.IFS(P2="SI","RENOVADA",P2="","PENDIENTE",P2="NO","NO RENOVADA")} -> PENDIENTE
C3: =TODAY() -> 46100 | D3: =IF(B3<=C3,"SI","NO") -> SI | N3: =IF(P3="SI","",O3) -> 0 | Q3: {=_xlfn.IFS(P3="SI","RENOVADA",P3="","PENDIENTE",P3="NO","NO RENOVADA")} -> PENDIENTE
C4: =TODAY() -> 46100 | D4: =IF(B4<=C4,"SI","NO") -> SI | N4: =IF(P4="SI","",O4) -> 0 | Q4: {=_xlfn.IFS(P4="SI","RENOVADA",P4="","PENDIENTE",P4="NO","NO RENOVADA")} -> PENDIENTE
C5: =TODAY() -> 46100 | D5: =IF(B5<=C5,"SI","NO") -> SI | N5: =IF(P5="SI","",O5) -> 0 | Q5: {=_xlfn.IFS(P5="SI","RENOVADA",P5="","PENDIENTE",P5="NO","NO RENOVADA")} -> PENDIENTE
C6: =TODAY() -> 46100 | D6: =IF(B6<=C6,"SI","NO") -> SI | N6: =IF(P6="SI","",O6) -> 0 | Q6: {=_xlfn.IFS(P6="SI","RENOVADA",P6="","PENDIENTE",P6="NO","NO RENOVADA")} -> PENDIENTE
C7: =TODAY() -> 46100 | D7: =IF(B7<=C7,"SI","NO") -> SI | N7: =IF(P7="SI","",O7) -> 0 | Q7: {=_xlfn.IFS(P7="SI","RENOVADA",P7="","PENDIENTE",P7="NO","NO RENOVADA")} -> PENDIENTE
C8: =TODAY() -> 46100 | D8: =IF(B8<=C8,"SI","NO") -> SI | N8: =IF(P8="SI","",O8) -> 0 | Q8: {=_xlfn.IFS(P8="SI","RENOVADA",P8="","PENDIENTE",P8="NO","NO RENOVADA")} -> PENDIENTE
C9: =TODAY() -> 46100 | D9: =IF(B9<=C9,"SI","NO") -> SI | N9: =IF(P9="SI","",O9) -> 0 | Q9: {=_xlfn.IFS(P9="SI","RENOVADA",P9="","PENDIENTE",P9="NO","NO RENOVADA")} -> PENDIENTE
C10: =TODAY() -> 46100 | D10: =IF(B10<=C10,"SI","NO") -> SI | N10: =IF(P10="SI","",O10) -> 0 | Q10: {=_xlfn.IFS(P10="SI","RENOVADA",P10="","PENDIENTE",P10="NO","NO RENOVADA")} -> PENDIENTE
C11: =TODAY() -> 46100 | D11: =IF(B11<=C11,"SI","NO") -> SI | N11: =IF(P11="SI","",O11) -> 0 | Q11: {=_xlfn.IFS(P11="SI","RENOVADA",P11="","PENDIENTE",P11="NO","NO RENOVADA")} -> PENDIENTE
C12: =TODAY() -> 46100 | D12: =IF(B12<=C12,"SI","NO") -> SI | N12: =IF(P12="SI","",O12) -> 0 | Q12: {=_xlfn.IFS(P12="SI","RENOVADA",P12="","PENDIENTE",P12="NO","NO RENOVADA")} -> PENDIENTE
C13: =TODAY() -> 46100 | D13: =IF(B13<=C13,"SI","NO") -> SI | N13: =IF(P13="SI","",O13) -> 0 | Q13: {=_xlfn.IFS(P13="SI","RENOVADA",P13="","PENDIENTE",P13="NO","NO RENOVADA")} -> PENDIENTE
... C96: =TODAY() -> 46100 | D96: =IF(B96<=C96,"SI","NO") -> SI | N96: =IF(P96="SI","",O96) -> 0 | Q96: {=_xlfn.IFS(P96="SI","RENOVADA",P96="","PENDIENTE",P96="NO","NO RENOVADA")} -> PENDIENTE
